Date,Adj Close,Close,High,Low,Open,Volume,Ticker,Daily_Return,MA5,MA20
2025-08-11,226.3438720703125,227.17999267578125,229.55999755859375,224.75999450683594,227.9199981689453,61806100,AAPL,,,
2025-08-12,228.80479431152344,229.64999389648438,230.8000030517578,227.07000732421875,228.00999450683594,55626200,AAPL,1.0872441677679756,,
2025-08-13,232.4712677001953,233.3300018310547,235.0,230.42999267578125,231.07000732421875,69878500,AAPL,1.602441991019199,,
2025-08-14,231.9232940673828,232.77999877929688,235.1199951171875,230.85000610351562,234.05999755859375,51916300,AAPL,-0.23571895917441354,,
2025-08-15,230.7376708984375,231.58999633789062,234.27999877929688,229.33999633789062,234.0,56038700,AAPL,-0.5112133549474374,230.90599670410157,
2025-08-18,230.04022216796875,230.88999938964844,233.1199951171875,230.11000061035156,231.6999969482422,37476200,AAPL,-0.30225698834628334,231.647998046875,
2025-08-19,229.71145629882812,230.55999755859375,232.8699951171875,229.35000610351562,231.27999877929688,39402600,AAPL,-0.1429259958971918,231.8299987792969,
2025-08-20,225.1781768798828,226.00999450683594,230.47000122070312,225.77000427246094,229.97999572753906,42263900,AAPL,-1.9734572779050663,230.36599731445312,
2025-08-21,224.07228088378906,224.89999389648438,226.52000427246094,223.77999877929688,226.27000427246094,30621200,AAPL,-0.49112899311095637,228.7899963378906,
2025-08-22,226.92176818847656,227.75999450683594,229.08999633789062,225.41000366210938,226.1699981689453,42477800,AAPL,1.2716766064777785,228.02399597167968,
2025-08-25,226.323974609375,227.16000366210938,229.3000030517578,226.22999572753906,226.47999572753906,30983100,AAPL,-0.26343118159346535,227.2779968261719,
2025-08-26,228.46603393554688,229.30999755859375,229.49000549316406,224.69000244140625,226.8699951171875,54575100,AAPL,0.9464667467088184,227.0279968261719,
2025-08-27,229.6417236328125,230.49000549316406,230.89999389648438,228.25999450683594,228.61000061035156,31259500,AAPL,0.514590705653295,227.9239990234375,
2025-08-28,231.70408630371094,232.55999755859375,233.41000366210938,229.33999633789062,230.82000732421875,38074700,AAPL,0.8980832210059075,229.45599975585938,
2025-08-29,231.28562927246094,232.13999938964844,233.3800048828125,231.3699951171875,232.50999450683594,39418400,AAPL,-0.180597769760249,230.33200073242188,
2025-09-02,228.87454223632812,229.72000122070312,230.85000610351562,226.97000122070312,229.25,44075600,AAPL,-1.0424735828844955,230.84400024414063,
2025-09-03,237.5923309326172,238.47000122070312,238.85000610351562,234.36000061035156,237.2100067138672,66427800,AAPL,3.8089848308826335,232.6760009765625,
2025-09-04,238.8975067138672,239.77999877929688,239.89999389648438,236.74000549316406,238.4499969482422,47549400,AAPL,0.5493343195739575,234.53399963378905,
2025-09-05,238.80784606933594,239.69000244140625,241.32000732421875,238.49000549316406,240.0,54870400,AAPL,-0.03753287945149619,235.96000061035156,
2025-09-08,237.0045166015625,237.8800048828125,240.14999389648438,236.33999633789062,239.3000030517578,48999500,AAPL,-0.7551410322323426,237.10800170898438,231.59249877929688
2025-09-09,233.4875030517578,234.35000610351562,238.77999877929688,233.36000061035156,237.0,66313900,AAPL,-1.4839409394815983,238.03400268554688,231.95099945068358
2025-09-10,225.95530700683594,226.7899932861328,232.4199981689453,225.9499969482422,232.19000244140625,83440800,AAPL,-3.2259494860194082,235.6980010986328,231.80799942016603
2025-09-11,229.18341064453125,230.02999877929688,230.4499969482422,226.64999389648438,226.8800048828125,50208600,AAPL,1.4286368839370622,233.7480010986328,231.64299926757812
2025-09-12,233.2085418701172,234.07000732421875,234.50999450683594,229.02000427246094,229.22000122070312,55824200,AAPL,1.7562963814985233,232.6240020751953,231.7074996948242
2025-09-15,235.828857421875,236.6999969482422,238.19000244140625,235.02999877929688,237.0,42699500,AAPL,1.1235910376080627,232.38800048828125,231.9629997253418
2025-09-16,237.2735137939453,238.14999389648438,241.22000122070312,236.32000732421875,237.17999267578125,63421100,AAPL,0.6125884946923899,233.147998046875,232.32599945068358
2025-09-17,238.11044311523438,238.99000549316406,240.10000610351562,237.72999572753906,238.97000122070312,46508000,AAPL,0.35272375318422533,235.58800048828124,232.74749984741212
2025-09-18,237.0045166015625,237.8800048828125,241.1999969482422,236.64999389648438,239.97000122070312,44249600,AAPL,-0.46445482440198305,237.1580017089844,233.34100036621095
2025-09-19,244.59646606445312,245.5,246.3000030517578,240.2100067138672,241.22999572753906,163741300,AAPL,3.203293660995743,239.44400024414062,234.37100067138672
2025-09-22,255.13751220703125,256.0799865722656,256.6400146484375,248.1199951171875,248.3000030517578,105517400,AAPL,4.309566831880085,243.31999816894532,235.7870002746582
2025-09-23,253.49359130859375,254.42999267578125,257.3399963378906,253.5800018310547,255.8800048828125,60275200,AAPL,-0.6443275472520216,246.57599792480468,237.1504997253418
2025-09-24,251.38140869140625,252.30999755859375,255.74000549316406,251.0399932861328,255.22000122070312,42303700,AAPL,-0.8332331793480807,249.23999633789063,238.3004997253418
2025-09-25,255.9246063232422,256.8699951171875,257.1700134277344,251.7100067138672,253.2100067138672,55202100,AAPL,1.8072995928489766,253.03799438476562,239.61949920654297
2025-09-26,254.51980590820312,255.4600067138672,257.6000061035156,253.77999877929688,254.10000610351562,46076300,AAPL,-0.5489112898051984,255.02999572753907,240.76449966430664
2025-09-29,253.49359130859375,254.42999267578125,255.0,253.00999450683594,254.55999755859375,40127700,AAPL,-0.4031997224675621,254.6999969482422,241.87899932861328
2025-09-30,253.69287109375,254.6300048828125,255.9199981689453,253.11000061035156,254.86000061035156,37704300,AAPL,0.07861188255666729,254.73999938964843,243.12449951171874
2025-10-01,254.5098419189453,255.4499969482422,258.7900085449219,254.92999267578125,255.0399932861328,48713900,AAPL,0.3220327729275496,255.3679992675781,243.9734992980957
2025-10-02,256.18365478515625,257.1300048828125,258.17999267578125,254.14999389648438,256.5799865722656,42630200,AAPL,0.657666061710982,255.4200012207031,244.84099960327148
2025-10-03,257.07037353515625,258.0199890136719,259.239990234375,253.9499969482422,254.6699981689453,49155600,AAPL,0.34612223931820285,255.93199768066407,245.75749893188475
2025-10-06,255.7452850341797,256.69000244140625,259.07000732421875,255.0500030517578,257.989990234375,44664100,AAPL,-0.5154587353288997,256.3839996337891,246.69799880981446
2025-10-07,255.5360870361328,256.4800109863281,257.3999938964844,255.42999267578125,256.80999755859375,31955800,AAPL,-0.08180741481198517,256.7540008544922,247.80449905395508
2025-10-08,257.1102294921875,258.05999755859375,258.5199890136719,256.1099853515625,256.5199890136719,36496900,AAPL,0.6160271773966164,257.2760009765625,249.3679992675781
2025-10-09,253.10501098632812,254.0399932861328,258.0,253.13999938964844,257.80999755859375,38322000,AAPL,-1.5577789314472068,256.6579986572266,250.56849899291993
2025-10-10,244.3673095703125,245.27000427246094,256.3800048828125,244.0,254.94000244140625,61999100,AAPL,-3.4522080166306646,254.10800170898438,251.12849884033204
2025-10-13,246.74851989746094,247.66000366210938,249.69000244140625,245.55999755859375,249.3800048828125,38142900,AAPL,0.9744360696440912,252.302001953125,251.6764991760254
2025-10-14,246.8581085205078,247.77000427246094,248.85000610351562,244.6999969482422,246.60000610351562,35478000,AAPL,0.04441597703503941,250.56000061035155,252.15749969482422
2025-10-15,248.42233276367188,249.33999633789062,251.82000732421875,247.47000122070312,249.49000549316406,33893600,AAPL,0.6336489641027176,248.81600036621094,252.67499923706055
2025-10-16,246.53929138183594,247.4499969482422,249.0399932861328,245.1300048828125,248.25,39777000,AAPL,-0.7580008893106838,247.4980010986328,253.15349884033202
2025-10-17,251.36148071289062,252.2899932861328,253.3800048828125,247.27000427246094,248.02000427246094,49147000,AAPL,1.9559492412937862,248.9019989013672,253.49299850463868
2025-10-20,261.27484130859375,262.239990234375,264.3800048828125,255.6300048828125,255.88999938964844,90483000,AAPL,3.943873008454002,251.8179962158203,253.80099868774414
2025-10-21,261.8028869628906,262.7699890136719,265.2900085449219,261.8299865722656,261.8800048828125,46695900,AAPL,0.2021044840732289,254.8179931640625,254.21799850463867
2025-10-22,257.49884033203125,258.45001220703125,262.8500061035156,255.42999267578125,262.6499938964844,45015300,AAPL,-1.6440145325788524,256.63999633789064,254.52499923706054
2025-10-23,258.6246643066406,259.5799865722656,260.6199951171875,258.010009765625,259.94000244140625,32754900,AAPL,0.4372119604812541,259.0659942626953,254.66049880981444
2025-10-24,261.85272216796875,262.82000732421875,264.1300048828125,259.17999267578125,261.19000244140625,38253700,AAPL,1.2481781799657865,261.1719970703125,255.02849884033202
2025-10-27,267.8206787109375,268.80999755859375,269.1199951171875,264.6499938964844,264.8800048828125,44888200,AAPL,2.279122619072771,262.4859985351562,255.74749908447265
2025-10-28,268.0099792480469,269.0,269.8900146484375,268.1499938964844,268.989990234375,41534800,AAPL,0.07068280314419528,263.73200073242185,256.465998840332
2025-10-29,268.7073974609375,269.70001220703125,271.4100036621094,267.1099853515625,269.2799987792969,51086700,AAPL,0.26022758625696696,265.98200073242185,257.17849960327146
2025-10-30,270.4011535644531,271.3999938964844,274.1400146484375,268.4800109863281,271.989990234375,69886500,AAPL,0.6303231785351748,268.34600219726565,257.8919990539551
2025-10-31,269.3749084472656,270.3699951171875,277.32000732421875,269.1600036621094,276.989990234375,86167100,AAPL,-0.37951319176879883,269.8559997558594,258.50949935913087
2025-11-03,268.0597839355469,269.04998779296875,270.8500061035156,266.25,270.4200134277344,50194600,AAPL,-0.48822256465500535,269.90399780273435,259.127498626709
2025-11-04,269.0461730957031,270.0400085449219,271.489990234375,267.6199951171875,268.3299865722656,49274800,AAPL,0.3679690752169673,270.11199951171875,259.80549850463865
2025-11-05,269.1457824707031,270.1400146484375,271.70001220703125,266.92999267578125,268.6099853515625,43683100,AAPL,0.037033809935982376,270.2,260.40949935913085
2025-11-06,268.7771301269531,269.7699890136719,273.3999938964844,267.8900146484375,267.8900146484375,51204000,AAPL,-0.1369754996301431,269.8739990234375,261.1959991455078
2025-11-07,267.4819030761719,268.4700012207031,272.2900085449219,266.7699890136719,269.79998779296875,48227400,AAPL,-0.4818874767062664,269.49400024414064,262.3559989929199
2025-11-10,268.6985778808594,269.42999267578125,273.7300109863281,267.4599914550781,268.9599914550781,41312400,AAPL,0.3575786682732396,269.57000122070315,263.4444984436035
2025-11-11,274.5028076171875,275.25,275.9100036621094,269.79998779296875,269.80999755859375,46208300,AAPL,2.1601185771556786,270.61199951171875,264.8184982299805
2025-11-12,272.7276916503906,273.4700012207031,275.7300109863281,271.70001220703125,275.0,48398000,AAPL,-0.6466843884820661,271.2779968261719,266.0249984741211
2025-11-13,272.20904541015625,272.95001220703125,276.70001220703125,272.0899963378906,274.1099853515625,49602800,AAPL,-0.19014480979659965,271.91400146484375,267.29999923706055
2025-11-14,271.6705322265625,272.4100036621094,275.9599914550781,269.6000061035156,271.04998779296875,47431300,AAPL,-0.19784155368063328,272.702001953125,268.3059997558594
2025-11-17,266.73394775390625,267.4599914550781,270.489990234375,265.7300109863281,268.82000732421875,45018300,AAPL,-1.8171183658773127,272.30800170898436,268.5669998168945
2025-11-18,266.7139892578125,267.44000244140625,270.7099914550781,265.32000732421875,269.989990234375,45677300,AAPL,-0.007473646268785217,270.7460021972656,268.8005004882813
2025-11-19,267.83099365234375,268.55999755859375,272.2099914550781,265.5,265.5299987792969,40424500,AAPL,0.4187836924032684,269.7640014648438,269.3059997558594
2025-11-20,265.5272521972656,266.25,275.42999267578125,265.9200134277344,270.8299865722656,45823600,AAPL,-0.8601420835542606,268.4239990234375,269.6395004272461
2025-11-21,270.75299072265625,271.489990234375,273.3299865722656,265.6700134277344,265.95001220703125,59030800,AAPL,1.9680714495305063,268.2399963378906,270.07299957275393
2025-11-24,275.1710205078125,275.9200134277344,277.0,270.8999938964844,270.8999938964844,65585800,AAPL,1.6317445772254802,269.9320007324219,270.4285003662109
2025-11-25,276.2181396484375,276.9700012207031,280.3800048828125,275.25,275.2699890136719,46914200,AAPL,0.3805406428931457,271.83800048828124,270.8270004272461
2025-11-26,276.7966003417969,277.54998779296875,279.5299987792969,276.6300048828125,276.9599914550781,33431400,AAPL,0.20940411225383038,273.63599853515626,271.219499206543
2025-11-28,278.0930480957031,278.8500061035156,279.0,275.989990234375,277.260009765625,20135600,AAPL,0.4683906927485104,276.1559997558594,271.59199981689454
2025-12-01,282.3315124511719,283.1000061035156,283.4200134277344,276.1400146484375,278.010009765625,46587700,AAPL,1.5241168753721723,278.4780029296875,272.22850036621094
2025-12-02,285.4131164550781,286.19000244140625,287.3999938964844,282.6300048828125,283.0,53669500,AAPL,1.0914857899228636,280.53200073242186,273.0855010986328
2025-12-03,283.378662109375,284.1499938964844,288.6199951171875,283.29998779296875,286.20001220703125,43538700,AAPL,-0.712816145749029,281.96799926757814,273.79100036621094
2025-12-04,279.9380187988281,280.70001220703125,284.7300109863281,278.5899963378906,284.1000061035156,43989100,AAPL,-1.214141039436356,282.59800415039064,274.3190002441406
2025-12-05,278.0232238769531,278.7799987792969,281.1400146484375,278.04998779296875,280.5400085449219,47265800,AAPL,-0.684009028940924,282.58400268554686,274.7695007324219
2025-12-08,277.1356506347656,277.8900146484375,279.6700134277344,276.1499938964844,278.1300048828125,38211800,AAPL,-0.319242461710445,281.54200439453126,275.2405014038086
2025-12-09,276.4275817871094,277.17999267578125,280.0299987792969,276.9200134277344,278.1600036621094,32193300,AAPL,-0.2555046727945598,279.74000244140626,275.6280014038086
2025-12-10,278.0232238769531,278.7799987792969,279.75,276.44000244140625,277.75,33038300,AAPL,0.577244442526248,278.66600341796874,275.80450134277345
2025-12-11,277.2752685546875,278.0299987792969,279.5899963378906,273.80999755859375,279.1000061035156,33248000,AAPL,-0.2690293433115887,278.1320007324219,276.0325012207031
2025-12-12,277.5245666503906,278.2799987792969,279.2200012207031,276.82000732421875,277.8999938964844,39532900,AAPL,0.08991835452922814,278.03200073242186,276.2990005493164
2025-12-15,273.3658752441406,274.1099853515625,280.1499938964844,272.8399963378906,280.1499938964844,50409100,AAPL,-1.4984955605960026,277.2759948730469,276.3839996337891
2025-12-16,273.8645324707031,274.6099853515625,275.5,271.7900085449219,272.82000732421875,37648600,AAPL,0.18240853187405648,276.7619934082031,276.74149932861326
2025-12-17,271.10205078125,271.8399963378906,276.1600036621094,271.6400146484375,275.010009765625,50138700,AAPL,-1.0086993049891024,275.3739929199219,276.9614990234375
2025-12-18,271.4511413574219,272.19000244140625,273.6300048828125,266.95001220703125,273.6099853515625,51630700,AAPL,0.1287544541755281,274.20599365234375,277.14299926757815
2025-12-19,272.9271240234375,273.6700134277344,274.6000061035156,269.8999938964844,272.1499938964844,144632000,AAPL,0.5437418615868328,273.28399658203125,277.51399993896484
2025-12-22,270.23443603515625,270.9700012207031,273.8800048828125,270.510009765625,272.8599853515625,36571800,AAPL,-0.9865941003960987,272.6559997558594,277.4880004882813
2025-12-23,271.62066650390625,272.3599853515625,272.5,269.55999755859375,270.8399963378906,29642000,AAPL,0.5129660569795913,272.20599975585935,277.3099990844727
2025-12-24,273.06671142578125,273.80999755859375,275.42999267578125,272.20001220703125,272.3399963378906,17910600,AAPL,0.5323881205087977,272.6,277.15199890136716
2025-12-26,272.6578674316406,273.3999938964844,275.3699951171875,272.8599853515625,274.1600036621094,21521800,AAPL,-0.14974020881820538,272.8419982910156,276.94449920654296
2025-12-29,273.0168762207031,273.760009765625,274.3599853515625,272.3500061035156,272.69000244140625,23715200,AAPL,0.13168100847762432,272.85999755859376,276.68999938964845
2025-12-30,272.33868408203125,273.0799865722656,274.0799865722656,272.2799987792969,272.80999755859375,22139600,AAPL,-0.24840121606569676,273.28199462890626,276.1889984130859
2025-12-31,271.12200927734375,271.8599853515625,273.67999267578125,271.75,273.05999755859375,27293600,AAPL,-0.44675599849579584,273.18199462890624,275.4724975585938
2026-01-02,270.27435302734375,271.010009765625,277.8399963378906,269.0,272.260009765625,37838100,AAPL,-0.31265196488491354,272.6219970703125,274.8154983520508
2026-01-05,266.5345458984375,267.260009765625,271.510009765625,266.1400146484375,270.6400146484375,45647200,AAPL,-1.3837127282653072,271.3940002441406,274.1434982299805
2026-01-06,261.6478271484375,262.3599853515625,267.54998779296875,262.1199951171875,267.0,52352100,AAPL,-1.8334297070330852,269.11399536132814,273.32249755859374
2026-01-07,259.6233215332031,260.3299865722656,263.67999267578125,259.80999755859375,263.20001220703125,48309800,AAPL,-0.7737455757884204,266.5639953613281,272.44449615478516
2026-01-08,258.3368225097656,259.0400085449219,259.2900085449219,255.6999969482422,257.0199890136719,50419300,AAPL,-0.4955164959399183,264.0,271.53749694824216
2026-01-09,258.6659240722656,259.3699951171875,260.2099914550781,256.2200012207031,259.0799865722656,39997000,AAPL,0.127388264893602,261.6719970703125,270.5669967651367
2026-01-12,259.54351806640625,260.25,261.29998779296875,256.79998779296875,259.1600036621094,45263800,AAPL,0.33928553779511983,260.2699951171875,269.67799682617186
2026-01-13,260.34136962890625,261.04998779296875,261.80999755859375,258.3900146484375,258.7200012207031,45730800,AAPL,0.3073920434077726,260.00799560546875,268.81649627685545
2026-01-14,259.2543029785156,259.9599914550781,261.82000732421875,256.7099914550781,259.489990234375,40019400,AAPL,-0.4175431483854575,259.9339965820312,268.10899658203124
2026-01-15,257.50909423828125,258.2099914550781,261.0400085449219,257.04998779296875,260.6499938964844,39388600,AAPL,-0.6731805114335909,259.7679931640625,267.288996887207
2026-01-16,254.83633422851562,255.52999877929688,258.8999938964844,254.92999267578125,257.8999938964844,72142800,AAPL,-1.0379120733008063,258.9999938964844,266.47349700927737
2026-01-20,246.0303192138672,246.6999969482422,254.7899932861328,243.4199981689453,252.72999572753906,80267500,AAPL,-3.455563680678142,256.2899932861328,265.19899673461913
2026-01-21,246.9777374267578,247.64999389648438,251.55999755859375,245.17999267578125,248.6999969482422,54641700,AAPL,0.38508186461043703,253.60999450683593,263.89799575805665
2026-01-22,247.67584228515625,248.35000610351562,251.0,248.14999389648438,249.1999969482422,39708300,AAPL,0.2826619116832463,251.28799743652343,262.7669960021973
2026-01-23,247.36666870117188,248.0399932861328,249.41000366210938,244.67999267578125,247.32000732421875,41689000,AAPL,-0.12482899527435087,249.25399780273438,261.5509963989258
2026-01-26,254.71669006347656,255.41000366210938,256.55999755859375,249.8000030517578,251.47999572753906,55969200,AAPL,2.971299216040002,249.22999877929686,260.63099670410156
2026-01-27,257.56890869140625,258.2699890136719,261.95001220703125,258.2099914550781,259.1700134277344,49648300,AAPL,1.119762464490659,251.54399719238282,259.87449645996094
2026-01-28,255.74388122558594,256.44000244140625,258.8599853515625,254.50999450683594,257.6499938964844,41288000,AAPL,-0.7085556394896275,253.3019989013672,259.00849609375
2026-01-29,257.5788879394531,258.2799987792969,259.6499938964844,254.41000366210938,258.0,67253000,AAPL,0.7175153331668849,255.28799743652343,258.26849670410155
2026-01-30,258.7756652832031,259.4800109863281,261.8999938964844,252.17999267578125,255.1699981689453,92443400,AAPL,0.46461677741320706,257.5760009765625,257.64949798583984
2026-02-02,269.27703857421875,270.010009765625,270.489990234375,259.2099914550781,260.0299987792969,73913400,AAPL,4.058115590203082,260.4960021972656,257.59949798583983
2026-02-03,268.7485046386719,269.4800109863281,271.8800048828125,267.6099853515625,269.20001220703125,64394700,AAPL,-0.19628856713753695,262.7380065917969,257.710498046875
2026-02-04,275.7394104003906,276.489990234375,278.95001220703125,272.2900085449219,272.2900085449219,90545700,AAPL,2.6012984125945104,266.7480041503906,258.4169982910156
2026-02-05,275.1610412597656,275.9100036621094,279.5,273.2300109863281,278.1300048828125,52977400,AAPL,-0.20976765624461935,270.2740051269531,259.1959991455078
2026-02-06,277.364990234375,278.1199951171875,280.9100036621094,276.92999267578125,277.1199951171875,50453400,AAPL,0.8009827210848641,274.002001953125,260.1499984741211
2026-02-09,274.13079833984375,274.6199951171875,278.20001220703125,271.70001220703125,277.9100036621094,44623400,AAPL,-1.258449612198953,274.9239990234375,260.9124984741211
2026-02-10,273.19244384765625,273.67999267578125,275.3699951171875,272.94000244140625,274.8900146484375,34376900,AAPL,-0.3422920610733904,275.7639953613281,261.58399810791013
2026-02-11,275.00921630859375,275.5,280.17999267578125,274.45001220703125,274.70001220703125,51931300,AAPL,0.6650129249217152,275.5659973144531,262.3064987182617
2026-02-12,261.2637939453125,261.7300109863281,275.7200012207031,260.17999267578125,275.5899963378906,81077200,AAPL,-4.998181130189428,272.72999877929686,262.3949996948242
2026-02-13,255.32435607910156,255.77999877929688,262.2300109863281,255.4499969482422,262.010009765625,56290700,AAPL,-2.2733396848946263,268.2619995117187,262.2735000610352
2026-02-17,263.4099426269531,263.8800048828125,266.2900085449219,255.5399932861328,258.04998779296875,58469100,AAPL,3.1667863563111576,266.11400146484374,262.6910003662109
2026-02-18,263.8791198730469,264.3500061035156,266.82000732421875,262.45001220703125,263.6000061035156,34203300,AAPL,0.17811172199722058,264.2480041503906,263.5735008239746
2026-02-19,260.11578369140625,260.5799865722656,264.4800109863281,260.04998779296875,262.6000061035156,30845300,AAPL,-1.4261469431454121,261.2640014648438,264.22000045776366
2026-02-20,264.1086730957031,264.5799865722656,264.75,258.1600036621094,258.9700012207031,42070500,AAPL,1.5350373037534393,261.83399658203126,265.0314994812012
2026-02-23,265.705810546875,266.17999267578125,269.42999267578125,263.3800048828125,263.489990234375,37308200,AAPL,0.6047343656806037,263.91399536132815,265.9384994506836
2026-02-24,271.6552429199219,272.1400146484375,274.8900146484375,267.7099914550781,267.8599853515625,47014600,AAPL,2.2390946489790453,265.5659973144531,266.775
2026-02-25,273.74151611328125,274.2300109863281,274.94000244140625,271.04998779296875,271.7799987792969,33714300,AAPL,0.7679856784716499,267.5419982910156,267.5730010986328
2026-02-26,272.4637756347656,272.95001220703125,276.1099853515625,270.79998779296875,274.95001220703125,32345100,AAPL,-0.4667610137537803,270.01600341796876,268.39850158691405
2026-02-27,263.7093811035156,264.17999267578125,272.80999755859375,262.8900146484375,272.80999755859375,72366500,AAPL,-3.2130496937285313,269.9360046386719,268.6935012817383
2026-03-02,264.2484130859375,264.7200012207031,266.5299987792969,260.20001220703125,262.4100036621094,41827900,AAPL,0.2044093269336189,269.6440063476563,268.955500793457
2026-03-03,263.2801818847656,263.75,265.55999755859375,260.1300048828125,263.4800109863281,38568900,AAPL,-0.36642536122324376,267.96600341796875,268.64250030517576
2026-03-04,262.0523376464844,262.5199890136719,266.1499938964844,261.4200134277344,264.6499938964844,39803100,AAPL,-0.4663548763329417,265.6239990234375,268.294499206543
2026-03-05,259.8263244628906,260.2900085449219,261.55999755859375,257.25,260.7900085449219,49658600,AAPL,-0.8494516844711031,263.0919982910156,267.4845001220703
2026-03-06,257.0013427734375,257.4599914550781,258.7699890136719,254.3699951171875,258.6300048828125,41120000,AAPL,-1.0872553678353492,261.747998046875,266.56199951171874
2026-03-09,259.41705322265625,259.8800048828125,261.1499938964844,253.67999267578125,255.69000244140625,38218500,AAPL,0.9399570838394267,260.7799987792969,265.65
2026-03-10,260.3653564453125,260.8299865722656,262.4800109863281,256.95001220703125,257.6499938964844,30590800,AAPL,0.36554627966916,260.19599609375,264.9604995727539
2026-03-11,260.3453674316406,260.80999755859375,262.1300048828125,259.54998779296875,261.0899963378906,26218900,AAPL,-0.007663617950748325,259.8539978027344,264.3169998168945
2026-03-12,255.30438232421875,255.75999450683594,258.95001220703125,254.17999267578125,258.6600036621094,40794000,AAPL,-1.9362766377938656,258.9479949951172,263.32999954223635
2026-03-13,249.6744384765625,250.1199951171875,256.3299865722656,249.52000427246094,255.47999572753906,36930000,AAPL,-2.2051921765652405,257.47999572753906,262.7494987487793
2026-03-16,252.36964416503906,252.82000732421875,253.88999938964844,249.8800048828125,252.11000061035156,32074200,AAPL,1.079486750256109,256.0679962158203,262.6014991760254
2026-03-17,253.77711486816406,254.22999572753906,255.1300048828125,252.17999267578125,252.9600067138672,32361600,AAPL,0.5577044389181385,254.747998046875,262.1189987182617
2026-03-18,249.49476623535156,249.94000244140625,254.94000244140625,249.0,252.6300048828125,35757900,AAPL,-1.6874457610149385,252.5739990234375,261.39849853515625
2026-03-19,248.5165252685547,248.9600067138672,251.8300018310547,247.3000030517578,249.39999389648438,34864100,AAPL,-0.39209238936004365,251.21400146484376,260.8174995422363
2026-03-20,247.54823303222656,247.99000549316406,249.1999969482422,246.0,247.97999572753906,88331100,AAPL,-0.3896213024359163,250.78800354003906,259.9880004882813
2026-03-23,251.04200744628906,251.49000549316406,254.60000610351562,250.27999877929688,253.97000122070312,40546100,AAPL,1.411347200480817,250.52200317382812,259.2535011291504
2026-03-24,251.1917266845703,251.63999938964844,254.8300018310547,249.5500030517578,250.35000610351562,45152300,AAPL,0.059642090424327776,250.00400390625,258.22850036621094
2026-03-25,252.16998291015625,252.6199951171875,255.0,251.60000610351562,254.10000610351562,28476700,AAPL,0.389443542328749,250.54000244140624,257.1479995727539
2026-03-26,252.43951416015625,252.88999938964844,257.0,250.77000427246094,252.1199951171875,41796700,AAPL,0.10688159198788405,251.3260009765625,256.14499893188474
2026-03-27,248.35679626464844,248.8000030517578,255.49000549316406,248.07000732421875,253.89999389648438,47900000,AAPL,-1.6173025219509918,251.48800048828124,255.3759994506836
2026-03-30,246.19065856933594,246.6300048828125,250.8699951171875,245.50999450683594,250.07000732421875,39446200,AAPL,-0.8721857485242457,250.51600036621093,254.47149963378905
2026-03-31,253.337890625,253.7899932861328,255.47999572753906,247.10000610351562,247.91000366210938,49598100,AAPL,2.9031294901536553,250.9459991455078,253.9734992980957
2026-04-01,255.17462158203125,255.6300048828125,256.17999267578125,253.3300018310547,254.0800018310547,40059400,AAPL,0.7250134541771258,251.54800109863282,253.62900009155274
2026-04-02,255.464111328125,255.9199981689453,256.1300048828125,250.64999389648438,254.1999969482422,31289400,AAPL,0.11344258521832629,252.15400085449218,253.4104995727539
2026-04-06,258.3988342285156,258.8599853515625,262.1600036621094,256.4599914550781,256.510009765625,29329900,AAPL,1.1487914987700076,254.16599731445314,253.48049926757812
2026-04-07,253.0484161376953,253.5,256.20001220703125,245.6999969482422,256.1600036621094,62148000,AAPL,-2.0706117804507373,255.5399963378906,253.1614990234375
2026-04-08,258.43878173828125,258.8999938964844,259.75,256.5299987792969,258.45001220703125,41032800,AAPL,2.130175107094434,256.56199645996094,253.06499938964845
2026-04-09,260.02593994140625,260.489990234375,261.1199951171875,256.07000732421875,259.0,28121600,AAPL,0.6141353323192211,257.53399353027345,253.0489990234375
2026-04-10,260.0159912109375,260.4800109863281,262.19000244140625,259.0199890136719,259.9800109863281,31291500,AAPL,-0.0038309525974056235,258.44599609375,253.2849998474121
2026-04-13,258.73828125,259.20001220703125,260.17999267578125,256.6600036621094,259.7300109863281,36234700,AAPL,-0.4914000020385667,258.5140014648438,253.7390007019043
2026-04-14,258.368896484375,258.8299865722656,261.92999267578125,257.19000244140625,259.25,48370700,AAPL,-0.1427567968129817,259.5799987792969,254.03949966430665
2026-04-15,265.95538330078125,266.42999267578125,266.55999755859375,257.80999755859375,258.1600036621094,49913500,AAPL,2.9362927395561567,261.08599853515625,254.64949951171874
2026-04-16,262.9307556152344,263.3999938964844,267.1600036621094,261.2699890136719,266.79998779296875,43323100,AAPL,-1.1372588907376024,261.6679992675781,255.32249908447267
2026-04-17,269.7486267089844,270.2300109863281,272.29998779296875,266.7200012207031,266.9599914550781,61436200,AAPL,2.5930209749845057,263.6179992675781,256.3859992980957
2026-04-20,272.5635681152344,273.04998779296875,274.2799987792969,270.2900085449219,270.3299865722656,36590200,AAPL,1.043546864520284,266.38799438476565,257.6389984130859
2026-04-21,265.69586181640625,266.1700134277344,272.79998779296875,265.3999938964844,271.5,50209800,AAPL,-2.5196757637106715,267.8559997558594,258.3729988098145
2026-04-22,272.68341064453125,273.1700134277344,273.739990234375,266.8699951171875,267.82000732421875,43249200,AAPL,2.6298980526972437,269.20400390625,259.4494995117187
2026-04-23,272.9429016113281,273.42999267578125,275.7699890136719,271.6499938964844,275.04998779296875,33399600,AAPL,0.09517122497622044,271.2100036621094,260.48999938964846
2026-04-24,270.5771179199219,271.05999755859375,273.05999755859375,269.6499938964844,272.760009765625,38157100,AAPL,-0.8667648687676,271.3760009765625,261.3984992980957
2026-04-27,267.1332702636719,267.6099853515625,268.3599853515625,265.07000732421875,266.0899963378906,41466800,AAPL,-1.2727854490168666,270.2880004882812,262.33899841308596
2026-04-28,270.2277526855469,270.7099914550781,273.2300109863281,268.6600036621094,272.3399963378906,40018900,AAPL,1.1584044965448959,271.19599609375,263.5429977416992
2026-04-29,269.688720703125,270.1700134277344,271.0400085449219,267.0400085449219,267.54998779296875,30047900,AAPL,-0.19946734305643643,270.59599609375,264.3619987487793
2026-04-30,270.86663818359375,271.3500061035156,276.0,268.1400146484375,270.5,91848200,AAPL,0.4367593060422559,270.17999877929685,265.14799880981445
2026-05-01,279.6409606933594,280.1400146484375,287.2200012207031,278.3699951171875,278.8599853515625,79915400,AAPL,3.2393618379240596,271.9960021972656,266.35899963378904
2026-05-04,276.33685302734375,276.8299865722656,280.6300048828125,274.8599853515625,279.6600036621094,46668400,AAPL,-1.1815620415119188,273.8400024414062,267.2574996948242
2026-05-05,283.67376708984375,284.17999267578125,284.57000732421875,276.5,276.92999267578125,49311700,AAPL,2.6550613950909296,276.53400268554685,268.79149932861327
2026-05-06,286.9978332519531,287.510009765625,288.0299987792969,281.07000732421875,281.9200134277344,58336100,AAPL,1.171798569803939,280.002001953125,270.2220001220703
2026-05-07,286.9279479980469,287.44000244140625,292.1300048828125,285.7799987792969,289.2699890136719,45224300,AAPL,-0.024349525874178823,283.2200012207031,271.5695007324219
2026-05-08,292.7974853515625,293.32000732421875,294.760009765625,290.0,290.010009765625,52692800,AAPL,2.045645989726541,285.8559997558594,273.2115005493164
2026-05-11,292.42779541015625,292.67999267578125,293.8800048828125,290.2300109863281,291.9800109863281,42247300,AAPL,-0.21819672455212213,289.0260009765625,274.88549957275393
2026-05-12,294.54595947265625,294.79998779296875,295.2699890136719,292.55999755859375,292.55999755859375,45748100,AAPL,0.7243389265544797,291.15,276.6839996337891
2026-05-13,298.6124572753906,298.8699951171875,300.9200134277344,293.5,293.5,52684300,AAPL,1.3805995565634221,293.4219970703125,278.3059997558594
2026-05-14,297.9530334472656,298.2099914550781,300.45001220703125,295.3800048828125,299.82000732421875,35324900,AAPL,-0.220833028705536,295.57599487304685,280.04649963378904
2026-05-15,299.9713134765625,300.2300109863281,303.20001220703125,296.5199890136719,297.8999938964844,54862800,AAPL,0.6773815730967137,296.95799560546874,281.54649963378904
2026-05-18,297.5833435058594,297.8399963378906,300.6600036621094,294.9100036621094,300.239990234375,34483000,AAPL,-0.7960612067346995,297.9899963378906,282.78600006103517
2026-05-19,298.7123718261719,298.9700012207031,300.510009765625,296.3500061035156,296.9700012207031,42243600,AAPL,0.3793999787491842,298.8239990234375,284.4259994506836
2026-05-20,301.98956298828125,302.25,302.79998779296875,298.0799865722656,298.17999267578125,38229800,AAPL,1.09709963070026,299.5,285.8799987792969
2026-05-21,304.7271728515625,304.989990234375,305.5400085449219,300.3999938964844,301.05999755859375,42965100,AAPL,0.9065310949131433,300.8559997558594,287.45799865722654
2026-05-22,308.55389404296875,308.82000732421875,311.3999938964844,305.8399963378906,306.1199951171875,43670200,AAPL,1.2557845216167651,302.5739990234375,289.3459991455078
2026-05-26,308.0643005371094,308.3299865722656,311.82000732421875,307.6700134277344,309.55999755859375,48000500,AAPL,-0.1586751960143129,304.6719970703125,291.38199920654296
2026-05-27,310.5821533203125,310.8500061035156,313.260009765625,308.29998779296875,308.3299865722656,50430900,AAPL,0.8173125031610828,307.047998046875,293.38899993896484
2026-05-28,312.24072265625,312.510009765625,312.79998779296875,309.57000732421875,310.67999267578125,48220400,AAPL,0.5340207912225559,309.1,295.50599975585936
2026-05-29,311.7911071777344,312.05999755859375,315.0,309.5299987792969,311.7799987792969,70026800,AAPL,-0.1439992937726231,310.5140014648438,297.54149932861327
2026-06-01,306.0460510253906,306.30999755859375,310.94000244140625,305.0199890136719,309.6300048828125,48849900,AAPL,-1.8425943872925732,310.0119995117187,298.8499984741211
2026-06-02,314.92840576171875,315.20001220703125,315.45001220703125,306.69000244140625,307.4599914550781,44534700,AAPL,2.902293336585249,311.38600463867186,300.76849975585935
2026-06-03,309.9926452636719,310.260009765625,316.94000244140625,308.8500061035156,314.17999267578125,50836700,AAPL,-1.5672595971098935,311.26800537109375,302.07250061035154
2026-06-04,310.9618225097656,311.2300109863281,313.5400085449219,309.6499938964844,313.2300109863281,44869100,AAPL,0.31264139436979477,311.0120056152344,303.25850067138674
2026-06-05,307.0751647949219,307.3399963378906,315.1700134277344,307.1499938964844,312.8599853515625,65310500,AAPL,-1.249884172837168,310.06800537109376,304.2535003662109
2026-06-08,301.2801818847656,301.5400085449219,317.3999938964844,301.1700134277344,308.739990234375,77949100,AAPL,-1.887156849768501,309.1140075683594,304.6645004272461
2026-06-09,290.29962158203125,290.54998779296875,300.75,287.7799987792969,300.2799987792969,70108800,AAPL,-3.6446310408311478,304.1840026855469,304.5580001831055
2026-06-10,291.3287353515625,291.5799865722656,294.75,287.3800048828125,290.739990234375,52793300,AAPL,0.3544996808021894,300.447998046875,304.3970001220703
2026-06-11,295.375244140625,295.6300048828125,297.0,289.5899963378906,293.7200012207031,42572500,AAPL,1.3889904990249002,297.3279968261719,304.23500061035156
2026-06-12,290.879150390625,291.1300048828125,297.1400146484375,289.6199951171875,296.0299987792969,38742100,AAPL,-1.5221729613622226,294.08599853515625,303.8810012817383
2026-06-15,296.1645812988281,296.4200134277344,297.7799987792969,291.70001220703125,294.1199951171875,45732600,AAPL,1.8170605764429082,293.06199951171874,303.6905014038086
2026-06-16,298.9821472167969,299.239990234375,300.4800109863281,293.9700012207031,295.25,39874400,AAPL,0.9513449426140408,294.8,303.7605010986328
2026-06-17,295.6949768066406,295.95001220703125,302.07000732421875,294.3599853515625,300.8500061035156,42745100,AAPL,-1.0994446379867018,295.67400512695315,303.60950164794923
2026-06-18,297.7532043457031,298.010009765625,300.57000732421875,295.6199951171875,298.1099853515625,85962200,AAPL,0.6960626705947437,296.15000610351564,303.39750213623046
2026-06-22,296.75408935546875,297.010009765625,302.4200134277344,296.760009765625,297.30999755859375,44879900,AAPL,-0.3355591984264161,297.3260070800781,302.99850311279295
2026-06-23,294.04638671875,294.29998779296875,301.6400146484375,294.17999267578125,297.5400085449219,52010900,AAPL,-0.912434558954689,296.902001953125,302.27250213623046
2026-06-24,292.8274230957031,293.0799865722656,299.70001220703125,292.94000244140625,295.3599853515625,53081900,AAPL,-0.4145434153267291,295.6700012207031,301.51000213623047
2026-06-25,274.91290283203125,275.1499938964844,288.79998779296875,273.75,287.3999938964844,107013700,AAPL,-6.117781321571137,291.50999755859374,299.7250015258789
2026-06-26,283.53546142578125,283.7799987792969,285.95001220703125,274.2099914550781,275.0,261775500,AAPL,3.136472859984596,288.66399536132815,298.2885009765625
2026-06-29,281.4972229003906,281.739990234375,288.3699951171875,279.8500061035156,286.7300109863281,66427000,AAPL,-0.7188697419469814,285.6099914550781,296.7725006103516
2026-06-30,289.11065673828125,289.3599853515625,289.94000244140625,280.70001220703125,281.1700134277344,65100200,AAPL,2.704619642688466,284.6219909667969,295.925
2026-07-01,294.1263427734375,294.3800048828125,296.5899963378906,289.20001220703125,293.44000244140625,50164200,AAPL,1.7348699838890536,284.8819946289062,294.8839996337891
2026-07-02,308.3640441894531,308.6300048828125,309.4200134277344,293.67999267578125,294.1199951171875,75352800,AAPL,4.84068203126522,291.5779968261719,294.80249938964846
2026-07-06,312.3905944824219,312.6600036621094,314.20001220703125,307.0,307.3599853515625,53590000,AAPL,1.305770247720095,297.3539978027344,294.8739990234375
2026-07-07,310.3923034667969,310.6600036621094,315.4800109863281,310.1499938964844,315.2900085449219,42490000,AAPL,-0.6396724801939757,303.13800048828125,295.0399993896484
2026-07-08,313.1199645996094,313.3900146484375,314.82000732421875,307.04998779296875,311.9100036621094,41323500,AAPL,0.8787777487112347,307.9440063476562,295.6324996948242
2026-07-09,315.947509765625,316.2200012207031,316.5299987792969,308.1600036621094,310.510009765625,48124500,AAPL,0.9030238488741738,312.3120056152344,296.91600036621094
2026-07-10,315.0483093261719,315.32000732421875,316.9100036621094,312.1700134277344,314.7200012207031,34132300,AAPL,-0.28461004775477416,313.65000610351564,298.1030014038086
2026-07-13,317.03656005859375,317.30999755859375,323.45001220703125,315.7799987792969,317.0199890136719,43257800,AAPL,0.6311017975871192,314.5800048828125,299.18700103759767
2026-07-14,314.58868408203125,314.8599853515625,316.19000244140625,311.9100036621094,313.760009765625,36336800,AAPL,-0.7721194497122164,315.4200012207031,300.37350006103514
2026-07-15,327.2178039550781,327.5,328.7300109863281,317.32000732421875,317.6199951171875,60957600,AAPL,4.01448746633335,318.24199829101565,301.92749938964846
2026-07-16,332.97283935546875,333.260009765625,334.67999267578125,326.7900085449219,328.010009765625,62970600,AAPL,1.7587816078244334,321.65,303.6285003662109
2026-07-17,333.452392578125,333.739990234375,334.989990234375,329.0,331.9800109863281,63407100,AAPL,0.14402582208634662,325.33399658203126,305.51799926757815
2026-07-20,326.3085632324219,326.5899963378906,333.7099914550781,323.67999267578125,333.510009765625,53468000,AAPL,-2.1423845225929217,327.18999633789065,306.9469985961914
2026-07-21,327.45758056640625,327.739990234375,329.6000061035156,322.2200012207031,323.1300048828125,41338900,AAPL,0.3521215926328036,329.7659973144531,308.4834976196289
2026-07-22,325.60919189453125,325.8900146484375,329.0,323.3399963378906,327.8699951171875,38755900,AAPL,-0.5644644050347813,329.4440002441406,310.06299896240233
2026-07-23,321.3828430175781,321.6600036621094,323.29998779296875,319.3500061035156,321.7300109863281,40840800,AAPL,-1.2979872951588756,327.1239990234375,311.4919998168945
2026-07-24,332.7330322265625,333.0199890136719,334.3699951171875,321.6199951171875,321.7900085449219,47489400,AAPL,3.5316748188238156,326.97999877929686,314.38549957275393
2026-07-27,336.61968994140625,336.9100036621094,339.57000732421875,334.0199890136719,334.5400085449219,49604300,AAPL,1.1681024493330971,329.04400024414065,317.04199981689453
2026-07-28,339.78692626953125,340.0799865722656,342.8900146484375,335.6000061035156,340.0299987792969,51859000,AAPL,0.9408990162653286,331.5119995117187,319.95899963378906
2026-07-29,337.8985900878906,338.19000244140625,344.57000732421875,337.3500061035156,339.7300109863281,56090800,AAPL,-0.5557469435084728,333.9719970703125,322.40050048828124
2026-07-30,333.1426696777344,333.42999267578125,334.75,329.5899963378906,333.1000061035156,74817800,AAPL,-1.4074957069287408,336.32599487304685,324.3529998779297
2026-07-31,308.6438293457031,308.9100036621094,310.69000244140625,300.0,304.80999755859375,132489100,AAPL,-7.353864245054432,331.5039978027344,324.3669998168945
2026-08-03,303.1585693359375,303.4200134277344,311.79998779296875,302.55999755859375,309.5799865722656,75052000,AAPL,-1.7772134826620989,324.8059997558594,323.9050003051758
2026-08-04,309.1134033203125,309.3800048828125,310.4200134277344,301.32000732421875,302.7300109863281,68001000,AAPL,1.9642710405777475,318.66600341796874,323.84100036621095
2026-08-05,310.7320251464844,311.0,311.7099914550781,305.6700134277344,309.3599853515625,49438800,AAPL,0.5236263144417164,313.2280029296875,323.72149963378905
2026-08-06,312.14080810546875,312.4100036621094,316.2900085449219,309.2300109863281,314.3399963378906,46139900,AAPL,0.4533773833149013,309.0240051269531,323.5309997558594
2026-08-07,313.05999755859375,313.3299865722656,314.80999755859375,310.739990234375,311.45001220703125,34437200,AAPL,0.29447933784836344,309.9080017089844,323.4314987182617
2026-08-10,308.260009765625,308.260009765625,308.260009765625,304.6099853515625,306.8299865722656,44775100,AAPL,-1.61809498736607,310.8760009765625,322.97899932861327
